{"stats":{"minecraft:picked_up":{"minecraft:egg":1,"minecraft:dark_oak_log":6,"minecraft:dirt":16,"minecraft:cobblestone":3},"minecraft:killed_by":{"minecraft:zombie":1},"minecraft:used":{"minecraft:wooden_axe":3,"minecraft:dirt":2,"minecraft:crafting_table":1,"minecraft:wooden_pickaxe":3},"minecraft:custom":{"minecraft:time_since_rest":198,"minecraft:play_time":8562,"minecraft:sprint_one_cm":11227,"minecraft:deaths":1,"minecraft:damage_taken":250,"minecraft:walk_one_cm":20652,"minecraft:walk_under_water_one_cm":162,"minecraft:jump":104,"minecraft:damage_dealt":303,"minecraft:leave_game":1,"minecraft:time_since_death":169,"minecraft:walk_on_water_one_cm":370,"minecraft:total_world_time":8562,"minecraft:interact_with_crafting_table":3,"minecraft:fall_one_cm":3775,"minecraft:fly_one_cm":14977},"minecraft:crafted":{"minecraft:dark_oak_planks":24,"minecraft:crafting_table":1,"minecraft:stick":8,"minecraft:stone_pickaxe":1,"minecraft:wooden_pickaxe":1,"minecraft:wooden_axe":1},"minecraft:mined":{"minecraft:grass_block":2,"minecraft:dirt":14,"minecraft:stone":3,"minecraft:dark_oak_log":6,"minecraft:birch_leaves":3}},"DataVersion":3465}