{"stats":{"minecraft:custom":{"minecraft:mob_kills":65,"minecraft:inspect_hopper":1,"minecraft:interact_with_crafting_table":38,"minecraft:leave_game":6,"minecraft:time_since_death":12273,"minecraft:climb_one_cm":41229,"minecraft:sprint_one_cm":227055,"minecraft:walk_one_cm":409758,"minecraft:damage_blocked_by_shield":175,"minecraft:drop":16,"minecraft:talked_to_villager":1,"minecraft:play_time":207002,"minecraft:deaths":2,"minecraft:sneak_time":8757,"minecraft:walk_under_water_one_cm":20040,"minecraft:jump":2134,"minecraft:interact_with_brewingstand":1,"minecraft:walk_on_water_one_cm":62125,"minecraft:total_world_time":207002,"minecraft:interact_with_furnace":33,"minecraft:sleep_in_bed":7,"minecraft:time_since_rest":12366,"minecraft:damage_taken":2342,"minecraft:damage_dealt":4096,"minecraft:swim_one_cm":16461,"minecraft:fly_one_cm":388439,"minecraft:open_chest":119,"minecraft:crouch_one_cm":33255,"minecraft:fall_one_cm":62337},"minecraft:dropped":{"minecraft:wheat_seeds":2,"minecraft:feather":12,"minecraft:oak_planks":21,"minecraft:white_bed":1,"minecraft:hopper":4,"minecraft:stone_pickaxe":1},"minecraft:used":{"minecraft:oak_trapdoor":69,"minecraft:rose_bush":3,"minecraft:stone_sword":48,"minecraft:ladder":120,"minecraft:chest":18,"minecraft:shield":7,"minecraft:iron_sword":17,"minecraft:torch":253,"minecraft:dirt":52,"minecraft:mutton":1,"warhammersmod:hammer_iron":25,"minecraft:hopper":4,"minecraft:milk_bucket":1,"minecraft:glass":15,"minecraft:wooden_axe":3,"minecraft:bow":1,"minecraft:furnace":4,"minecraft:oak_sapling":1,"minecraft:cooked_beef":6,"minecraft:cooked_mutton":5,"minecraft:water_bucket":10,"minecraft:stone_pickaxe":521,"minecraft:wooden_pickaxe":7,"minecraft:cobblestone_slab":71,"minecraft:crafting_table":10,"minecraft:white_bed":3,"minecraft:bread":3,"minecraft:iron_pickaxe":133,"minecraft:stone_axe":157,"minecraft:cobblestone":1423,"minecraft:white_banner":1,"minecraft:cooked_porkchop":7,"minecraft:andesite":3,"minecraft:bucket":12},"minecraft:killed_by":{"minecraft:zombie":1},"minecraft:mined":{"minecraft:white_bed":2,"minecraft:dark_oak_log":6,"minecraft:grass_block":20,"minecraft:oxeye_daisy":2,"minecraft:hay_block":4,"minecraft:furnace":3,"minecraft:iron_ore":21,"minecraft:fire":12,"minecraft:andesite":4,"minecraft:pumpkin":12,"minecraft:azure_bluet":1,"minecraft:vine":1,"minecraft:stone":459,"minecraft:dandelion":1,"minecraft:crafting_table":8,"minecraft:torch":44,"minecraft:poppy":1,"minecraft:chest":6,"minecraft:rose_bush":3,"minecraft:cobblestone":142,"minecraft:tall_grass":20,"minecraft:lily_pad":4,"minecraft:sugar_cane":4,"minecraft:wall_torch":11,"minecraft:birch_log":7,"minecraft:spruce_log":2,"minecraft:birch_leaves":3,"minecraft:grass":236,"minecraft:coal_ore":34,"minecraft:oak_log":73,"minecraft:dirt":50,"minecraft:oak_leaves":7},"minecraft:broken":{"minecraft:stone_pickaxe":3,"woodenbucket:wooden_bucket":1,"minecraft:stone_axe":1},"minecraft:crafted":{"minecraft:oak_planks":256,"minecraft:cobblestone_slab":6,"minecraft:furnace":1,"minecraft:cooked_mutton":5,"warhammersmod:hammer_iron":1,"minecraft:oak_trapdoor":8,"minecraft:iron_boots":1,"minecraft:iron_axe":1,"minecraft:stone_pickaxe":12,"minecraft:chest":12,"minecraft:dark_oak_planks":24,"minecraft:cooked_beef":13,"minecraft:cooked_porkchop":7,"minecraft:crafting_table":3,"minecraft:spruce_planks":8,"minecraft:iron_helmet":1,"minecraft:wooden_pickaxe":2,"minecraft:bucket":2,"minecraft:stone_axe":2,"minecraft:air":0,"minecraft:iron_chestplate":1,"minecraft:charcoal":4,"minecraft:shield":1,"minecraft:stick":48,"minecraft:iron_ingot":154,"minecraft:wooden_axe":1,"minecraft:stone_sword":1,"minecraft:iron_leggings":1,"minecraft:white_bed":1,"woodenbucket:wooden_bucket":3,"minecraft:torch":4},"minecraft:killed":{"minecraft:skeleton":9,"minecraft:chicken":5,"minecraft:pig":6,"minecraft:creeper":13,"minecraft:sheep":4,"minecraft:pillager":2,"minecraft:zombie":16,"minecraft:villager":1,"minecraft:cow":8},"minecraft:picked_up":{"minecraft:charcoal":2,"minecraft:crafting_table":7,"minecraft:azure_bluet":1,"minecraft:chicken":5,"minecraft:ladder":1,"warhammersmod:hammer_iron":1,"minecraft:shield":1,"minecraft:oak_trapdoor":8,"minecraft:beef":16,"minecraft:rose_bush":3,"minecraft:cobblestone_slab":2,"minecraft:poppy":3,"minecraft:iron_pickaxe":1,"minecraft:sugar_cane":10,"minecraft:chest":6,"minecraft:furnace":3,"minecraft:egg":1,"minecraft:raw_iron":21,"minecraft:stick":3,"minecraft:torch":112,"minecraft:porkchop":10,"minecraft:arrow":2,"minecraft:rotten_flesh":3,"minecraft:hay_block":4,"minecraft:mutton":7,"minecraft:white_wool":3,"minecraft:cobblestone":1035,"minecraft:oxeye_daisy":1,"minecraft:birch_log":6,"minecraft:feather":12,"minecraft:cooked_beef":62,"minecraft:water_bucket":2,"minecraft:andesite":3,"minecraft:leather":7,"minecraft:potato":21,"minecraft:oak_log":73,"minecraft:lily_pad":4,"minecraft:dirt":73,"minecraft:white_banner":1,"minecraft:bone":2,"minecraft:apple":10,"minecraft:bow":4,"minecraft:wheat_seeds":46,"minecraft:stone_pickaxe":1,"minecraft:iron_sword":1,"minecraft:pumpkin":10,"minecraft:dandelion":2,"minecraft:spruce_log":2,"minecraft:white_bed":3,"minecraft:dark_oak_log":6,"minecraft:stone_axe":1,"minecraft:gray_wool":1,"minecraft:bread":47,"minecraft:oak_sapling":4,"minecraft:coal":34,"minecraft:hopper":1}},"DataVersion":3465}